{
	"info": {
		"_postman_id": "2046c40a-616f-408a-89f2-b56667ef881a",
		"name": "Project_API",
		"schema": "https://schema.getpostman.com/json/collection/v2.1.0/collection.json",
		"_exporter_id": "37839469"
	},
	"item": [
		{
			"name": "http://localhost:5000/users",
			"request": {
				"auth": {
					"type": "noauth"
				},
				"method": "POST",
				"header": [],
				"body": {
					"mode": "raw",
					"raw": "{\r\n  \"username\": \"pawel\",\r\n  \"email\": \"pawel@example.com\",\r\n  \"password\": \"mojehaslo123\"\r\n}\r\n",
					"options": {
						"raw": {
							"language": "json"
						}
					}
				},
				"url": {
					"raw": "http://localhost:5000/users",
					"protocol": "http",
					"host": [
						"localhost"
					],
					"port": "5000",
					"path": [
						"users"
					]
				}
			},
			"response": []
		},
		{
			"name": "http://localhost:5000/login",
			"request": {
				"auth": {
					"type": "noauth"
				},
				"method": "POST",
				"header": [],
				"body": {
					"mode": "raw",
					"raw": "{\r\n  \"username\": \"pawel\",\r\n  \"password\": \"mojehaslo123\"\r\n}\r\n",
					"options": {
						"raw": {
							"language": "json"
						}
					}
				},
				"url": {
					"raw": "http://localhost:5000/login",
					"protocol": "http",
					"host": [
						"localhost"
					],
					"port": "5000",
					"path": [
						"login"
					]
				}
			},
			"response": []
		},
		{
			"name": "http://localhost:5000/newtask",
			"request": {
				"auth": {
					"type": "noauth"
				},
				"method": "POST",
				"header": [],
				"body": {
					"mode": "raw",
					"raw": "{\r\n  \"user_id\": 1,\r\n  \"title\": \"Zrobić zakupy\",\r\n  \"priority\": 2\r\n}\r\n",
					"options": {
						"raw": {
							"language": "json"
						}
					}
				},
				"url": {
					"raw": "http://localhost:5000/newtask",
					"protocol": "http",
					"host": [
						"localhost"
					],
					"port": "5000",
					"path": [
						"newtask"
					]
				}
			},
			"response": []
		},
		{
			"name": "http://localhost:5000/tasks?user_id=1",
			"request": {
				"auth": {
					"type": "noauth"
				},
				"method": "GET",
				"header": [],
				"url": {
					"raw": "http://localhost:5000/tasks?user_id=1",
					"protocol": "http",
					"host": [
						"localhost"
					],
					"port": "5000",
					"path": [
						"tasks"
					],
					"query": [
						{
							"key": "user_id",
							"value": "1"
						}
					]
				}
			},
			"response": []
		},
		{
			"name": "http://localhost:5000/tasks/1/priority",
			"request": {
				"auth": {
					"type": "noauth"
				},
				"method": "PUT",
				"header": [],
				"body": {
					"mode": "raw",
					"raw": "{\r\n  \"priority\": 3\r\n}\r\n",
					"options": {
						"raw": {
							"language": "json"
						}
					}
				},
				"url": {
					"raw": "http://localhost:5000/tasks/1/priority",
					"protocol": "http",
					"host": [
						"localhost"
					],
					"port": "5000",
					"path": [
						"tasks",
						"1",
						"priority"
					]
				}
			},
			"response": []
		},
		{
			"name": "http://localhost:5000/tasks/1/complete",
			"request": {
				"auth": {
					"type": "noauth"
				},
				"method": "PUT",
				"header": [],
				"body": {
					"mode": "raw",
					"raw": "{\r\n  \"completed\": true\r\n}\r\n",
					"options": {
						"raw": {
							"language": "json"
						}
					}
				},
				"url": {
					"raw": "http://localhost:5000/tasks/1/complete",
					"protocol": "http",
					"host": [
						"localhost"
					],
					"port": "5000",
					"path": [
						"tasks",
						"1",
						"complete"
					]
				}
			},
			"response": []
		},
		{
			"name": "http://localhost:5000/logout",
			"request": {
				"auth": {
					"type": "noauth"
				},
				"method": "POST",
				"header": [],
				"body": {
					"mode": "raw",
					"raw": "{\r\n  \"token\": \"429c695a-c35d-4397-81ee-18f22baf88e7\"\r\n}\r\n",
					"options": {
						"raw": {
							"language": "json"
						}
					}
				},
				"url": {
					"raw": "http://localhost:5000/logout",
					"protocol": "http",
					"host": [
						"localhost"
					],
					"port": "5000",
					"path": [
						"logout"
					]
				}
			},
			"response": []
		},
		{
			"name": "http://localhost:5000/tasks/1",
			"request": {
				"auth": {
					"type": "noauth"
				},
				"method": "DELETE",
				"header": [],
				"url": {
					"raw": "http://localhost:5000/tasks/1",
					"protocol": "http",
					"host": [
						"localhost"
					],
					"port": "5000",
					"path": [
						"tasks",
						"1"
					]
				}
			},
			"response": []
		}
	]
}